,gp_name,n_source_genes,n_non_zero_source_genes,n_target_genes,n_non_zero_target_genes,gp_source_genes,gp_target_genes,gp_source_genes_importances,gp_target_genes_importances
12,AZGP1_ligand_receptor_target_gene_GP,1,1,23,23,['AZGP1'],"['CD36', 'ACTA2', 'CXCR4', 'EGFR', 'F3', 'TNFAIP3', 'HES1', 'IL1B', 'VCAN', 'CDK6', 'BMP4', 'SOCS3', 'RUNX1', 'LEF1', 'SERPINE1', 'CXCL1', 'THBS1', 'TNC', 'IFNG', 'CDH1', 'ETS1', 'ID2', 'CCL5']",[0.025],"[0.151, 0.1009, 0.0887, 0.0721, 0.0665, 0.0621, 0.0564, 0.042, 0.0397, 0.0371, 0.0364, 0.0343, 0.0333, 0.0268, 0.0233, 0.0208, 0.0201, 0.0171, 0.0166, 0.0104, 0.0098, 0.0072, 0.0027]"
142,Add-on_35_GP,320,320,195,195,"['TRDV1', 'TNFAIP3', 'TNFRSF25', 'CD5', 'RPS4Y1', 'CDK15', 'SVOPL', 'RBFOX3', 'ROBO2', 'FCRLA', 'ACKR1', 'IL4I1', 'RUNX1T1', 'NOVA1', 'HAVCR2', 'PDE4C', 'ANK2', 'GNLY', 'GZMK', 'PI3', 'EBPL', 'PBK', 'ACACB', 'RAB26', 'EGFR', 'PCLAF', 'SCNN1A', 'DPYSL3', 'MB', 'SPDEF', 'CMA1', 'ITLN1', 'VPREB3', 'SOX9', 'NXPE4', 'CPE', 'CHRM3', 'SFXN1', 'SULT1B1', 'VWA5B2', 'RORC', 'PKHD1L1', 'GPR183', 'PTGER4', 'ARX', 'ID2', 'SIT1', 'SMIM14', 'CXCR1', 'AKR7A3', 'ANXA13', 'CD83', 'TCF21', 'ARHGAP24', 'GNPTAB', 'WFDC2', 'IL1RL1', 'AKR1C3', 'C1QBP', 'UGT2B17', 'LGALS2', 'FKBP11', 'SCG5', 'LMCD1', 'RGS5', 'TUBB', 'KLRB1', 'ITK', 'CD3D', 'REP15', 'TRGV4', 'PLN', 'MS4A1', 'MBP', 'PTPRB', 'CD8A', 'CEP126', 'MS4A7', 'DEPP1', 'IL1RAPL1', 'FOXA3', 'CA2', 'CST7', 'CD79A', 'SLC26A2', 'GNA11', 'SLC29A4', 'CD3E', 'CPA3', 'HRCT1', 'CD3G', 'FCRL1', 'HES1', 'IFI27', 'CHI3L2', 'GPRIN3', 'KIF5C', 'AQP1', 'MS4A8', 'MAF', 'IL7R', 'TCL1A', 'SLC12A2', 'KLRC2', 'CKAP4', 'PAX4', 'SOX6', 'F3', 'FEV', 'HEPACAM2', 'CXCR4', 'ANO7', 'CDKN2B', 'GALNT5', 'CHP2', 'KRTCAP3', 'FABP2', 'CADPS', 'BEST4', 'BATF', 'GZMA', 'MCEMP1', 'RNF43', 'RAP1GAP', 'CFTR', 'BEST2', 'AGTR1', 'RAB3B', 'MSLN', 'RIIAD1', 'PDGFRB', 'LCT', 'ETV1', 'SEC11C', 'LILRA4', 'ABCA8', 'CD8B', 'MUC12', 'PLCE1', 'CDCA7', 'GPX2', 'TUBA1A', 'CLCA4', 'DMBT1', 'FYB1', 'SOCS3', 'TYMS', 'CHGA', 'HPGDS', 'NEUROD1', 'LAG3', 'SELENOK', 'TRPM5', 'TKT', 'CTLA4', 'CLCA1', 'PRPH', 'AQP8', 'SOX4', 'PLVAP', 'RFX6', 'STXBP6', 'SDCBP2', 'TRBC1', 'MS4A2', 'KLRD1', 'ETS1', 'KRT86', 'GREM2', 'SCG2', 'AFAP1L2', 'CES1', 'MT1A', 'SLC18A2', 'PROX1', 'MS4A12', 'SCG3', 'RHOV', 'CDK6', 'CYBB', 'TAGLN', 'CCR7', 'KIT', 'PSTPIP2', 'CDHR5', 'PAX5', 'CA7', 'RNASE1', 'BANK1', 'CHGB', 'FOXP3', 'STMN1', 'TMIGD1', 'CMBL', 'MKI67', 'ODF2L', 'NOTCH3', 'INSM1', 'CA1', 'PCDH11X', 'DNAJC12', 'GPRC5C', 'CR2', 'ADRA2A', 'TK1', 'C7', 'TBC1D4', 'RRM2', 'C1QC', 'CXCR2', 'HES6', 'ISL1', 'SH2D7', 'BMX', 'PRDX4', 'CXCR3', 'NET1', 'CDH19', 'KCNAB1', 'L1TD1', 'TRAT1', 'NUSAP1', 'CRYBA2', 'CD36', 'SELENBP1', 'TMEM61', 'PLXND1', 'RUNX1', 'PDZK1IP1', 'TOP2A', 'SELENOM', 'CTSB', 'TNFRSF17', 'DUOX2', 'MLPH', 'FFAR4', 'SNCA', 'B3GNT6', 'DOCK10', 'FZD7', 'GALNT8', 'SCGN', 'HTR3E', 'CCDC80', 'FRZB', 'BRCA2', 'IL17RB', 'ZEB2', 'C2orf88', 'NKX2-2', 'SLC26A3', 'RETNLB', 'OLFM4', 'CALB2', 'MMP3', 'DERL3', 'OTOP2', 'PDGFRA', 'REG4', 'GATA2', 'NKG7', 'RGS13', 'MYH14', 'NOSIP', 'S100P', 'PIGR', 'PPP1R1B', 'BCAS1', 'CA4', 'RGMB', 'MEIS2', 'HHIP', 'TOX', 'CTNNB1', 'GIMAP7', 'SMIM6', 'LGR5', 'KRT8', 'CLEC9A', 'SH2D6', 'HMGB2', 'CYB5R3', 'ATOH1', 'CD163', 'SPOCK2', 'ABCC8', 'CES2', 'IMPDH2', 'UGT2A3', 'SMOC2', 'PLPP2', 'LRMP', 'CREB3L1', 'FERMT1', 'PDCD1', 'IDO1', 'SPIB', 'PRF1', 'AVIL', 'UBE2C', 'LYVE1', 'IRF8', 'ASCL2', 'CXCR5', 'LEPROTL1', 'TRBC2', 'KLK1', 'PTTG1', 'ICOS', 'SOD3', 'ACTA2', 'IER5', 'CTSE', 'TRAC', 'KRT1', 'EPHB3', 'DNASE1L3', 'LEF1', 'RORA', 'SFRP4']","['TRDV1', 'TNFRSF25', 'CDK15', 'RBFOX3', 'GNLY', 'RUNX1T1', 'GZMK', 'FCRLA', 'NOVA1', 'ANK2', 'RPS4Y1', 'PKHD1L1', 'ROBO2', 'MB', 'PDE4C', 'SVOPL', 'EBPL', 'RORC', 'RGS5', 'TRGV4', 'CMA1', 'RAB26', 'MS4A1', 'LMCD1', 'VWA5B2', 'MS4A7', 'VPREB3', 'CHI3L2', 'ARX', 'FCRL1', 'SFXN1', 'SPDEF', 'RSPO3', 'REP15', 'FEV', 'WFDC2', 'BEST4', 'ROBO1', 'LGALS2', 'PAX4', 'WNT5B', 'ANXA13', 'KLRB1', 'IL1RAPL1', 'GNPTAB', 'UGT2B17', 'UCN3', 'DEPP1', 'AKR7A3', 'PAPLN', 'FKBP11', 'CD3G', 'KLRC2', 'TCF21', 'GZMA', 'SLC29A4', 'CHGA', 'MS4A8', 'SLC12A2', 'ANPEP', 'GUCA2B', 'TCL1A', 'CEP126', 'IFI27', 'FOXA3', 'AQP1', 'MCEMP1', 'MFAP5', 'TIGIT', 'GNA11', 'GPRIN3', 'HRCT1', 'CD2', 'LAG3', 'CD8B', 'RAB3B', 'HEPACAM2', 'C1QA', 'CHP2', 'KIF5C', 'KRTCAP3', 'PROX1', 'MS4A2', 'CPA3', 'GALNT5', 'ANO7', 'RFX6', 'SELENOK', 'PLCE1', 'PLVAP', 'HHLA2', 'MUC12', 'LILRA4', 'BANK1', 'CLCA1', 'BEST2', 'AQP8', 'HDC', 'CHGB', 'CRYBA2', 'SEC11C', 'CADM2', 'NRXN1', 'PRPH', 'SOX6', 'TRPM5', 'C1QC', 'KLRD1', 'CDH19', 'SH2D7', 'HPGDS', 'DNAJC12', 'RNASE1', 'TKT', 'SDCBP2', 'GCG', 'CDHR5', 'RARRES2', 'ABCC8', 'GALNT8', 'STXBP6', 'MS4A12', 'CA1', 'PDCD1', 'LYVE1', 'TMEM61', 'SMOC2', 'MT1A', 'TMIGD1', 'DOCK10', 'L1TD1', 'HES6', 'RGS13', 'SLC18A2', 'MLPH', 'B3GNT6', 'PPP1R1B', 'NET1', 'SLC26A3', 'CD177', 'ODF2L', 'TRAT1', 'CLEC9A', 'PCDH11X', 'NID1', 'NKG7', 'CA4', 'DUOX2', 'PRDX4', 'IL17RB', 'CA7', 'SCG3', 'CYBB', 'CYB5R3', 'C2orf88', 'KCNAB1', 'UGT2A3', 'SOD3', 'REG4', 'SCGN', 'RGMB', 'TOX', 'RIIAD1', 'TPSG1', 'AVIL', 'NRG3', 'OTOP2', 'SMIM6', 'KRT1', 'BCAS1', 'CES2', 'RHOV', 'LGALS9', 'TRBC2', 'FFAR4', 'GIMAP7', 'CD7', 'LEPROTL1', 'IMPDH2', 'SNCA', 'MYH14', 'CTSG', 'LRMP', 'NOSIP', 'SPOCK2', 'ASCL2', 'HTR3E', 'ICOS', 'DERL3', 'SH2D6', 'CTSE', 'CREB3L1', 'EPHB3', 'TRAC', 'SELENOM']","[0.0115, 0.0088, 0.0083, 0.0082, 0.0079, 0.007, 0.0069, 0.0069, 0.0066, 0.0062, 0.006, 0.0059, 0.0058, 0.0058, 0.0056, 0.0056, 0.0054, 0.0053, 0.0052, 0.0052, 0.0052, 0.0051, 0.0049, 0.0048, 0.0048, 0.0048, 0.0047, 0.0046, 0.0046, 0.0045, 0.0045, 0.0044, 0.0043, 0.0042, 0.0042, 0.0042, 0.0042, 0.0042, 0.0041, 0.0041, 0.0041, 0.0041, 0.004, 0.004, 0.004, 0.0038, 0.0038, 0.0037, 0.0035, 0.0035, 0.0035, 0.0035, 0.0035, 0.0034, 0.0034, 0.0034, 0.0033, 0.0033, 0.0033, 0.0032, 0.0032, 0.0032, 0.0031, 0.0031, 0.0031, 0.0031, 0.0031, 0.0031, 0.003, 0.003, 0.003, 0.0029, 0.0029, 0.0029, 0.0029, 0.0029, 0.0029, 0.0028, 0.0028, 0.0028, 0.0028, 0.0028, 0.0027, 0.0026, 0.0026, 0.0026, 0.0026, 0.0026, 0.0026, 0.0026, 0.0025, 0.0025, 0.0025, 0.0025, 0.0025, 0.0024, 0.0024, 0.0024, 0.0024, 0.0024, 0.0024, 0.0024, 0.0023, 0.0023, 0.0023, 0.0023, 0.0022, 0.0022, 0.0022, 0.0022, 0.0021, 0.0021, 0.0021, 0.0021, 0.0021, 0.0021, 0.0021, 0.002, 0.002, 0.002, 0.002, 0.002, 0.002, 0.0019, 0.0019, 0.0019, 0.0018, 0.0018, 0.0018, 0.0018, 0.0018, 0.0018, 0.0017, 0.0017, 0.0017, 0.0017, 0.0017, 0.0017, 0.0017, 0.0017, 0.0017, 0.0016, 0.0016, 0.0016, 0.0016, 0.0015, 0.0015, 0.0015, 0.0015, 0.0015, 0.0015, 0.0015, 0.0015, 0.0015, 0.0015, 0.0015, 0.0015, 0.0014, 0.0014, 0.0014, 0.0014, 0.0014, 0.0014, 0.0014, 0.0014, 0.0014, 0.0014, 0.0013, 0.0013, 0.0013, 0.0013, 0.0013, 0.0013, 0.0012, 0.0012, 0.0012, 0.0012, 0.0012, 0.0012, 0.0012, 0.0012, 0.0012, 0.0012, 0.0012, 0.0012, 0.0011, 0.0011, 0.0011, 0.0011, 0.0011, 0.0011, 0.0011, 0.0011, 0.0011, 0.001, 0.001, 0.001, 0.001, 0.001, 0.001, 0.001, 0.001, 0.001, 0.001, 0.001, 0.001, 0.001, 0.001, 0.001, 0.001, 0.0009, 0.0009, 0.0009, 0.0009, 0.0009, 0.0009, 0.0009, 0.0009, 0.0009, 0.0009, 0.0008, 0.0008, 0.0008, 0.0008, 0.0008, 0.0008, 0.0008, 0.0008, 0.0008, 0.0008, 0.0008, 0.0008, 0.0008, 0.0008, 0.0008, 0.0008, 0.0008, 0.0008, 0.0007, 0.0007, 0.0007, 0.0007, 0.0007, 0.0007, 0.0007, 0.0007, 0.0006, 0.0006, 0.0006, 0.0006, 0.0006, 0.0006, 0.0006, 0.0006, 0.0006, 0.0006, 0.0005, 0.0005, 0.0005, 0.0005, 0.0005, 0.0005, 0.0005, 0.0005, 0.0005, 0.0005, 0.0005, 0.0005, 0.0005, 0.0004, 0.0004, 0.0004, 0.0004, 0.0004, 0.0004, 0.0004, 0.0004, 0.0004, 0.0004, 0.0004, 0.0004, 0.0004, 0.0003, 0.0003, 0.0003, 0.0003, 0.0003, 0.0003, 0.0003, 0.0003, 0.0003, 0.0003, 0.0003, 0.0003, 0.0002, 0.0002, 0.0002, 0.0002, 0.0002, 0.0002, 0.0002, 0.0002, 0.0002, 1e-04, 1e-04, 1e-04, 1e-04, 1e-04, 1e-04, 1e-04, 1e-04, 1e-04, 1e-04, 0.0, 0.0, 0.0, 0.0, 0.0, 0.0, 0.0]","[0.009, 0.0077, 0.0066, 0.0063, 0.0059, 0.0059, 0.0059, 0.0055, 0.0055, 0.0054, 0.0054, 0.0053, 0.0053, 0.0049, 0.0049, 0.0046, 0.0044, 0.0039, 0.0038, 0.0038, 0.0037, 0.0037, 0.0036, 0.0036, 0.0035, 0.0035, 0.0034, 0.0034, 0.0034, 0.0033, 0.0033, 0.0033, 0.0032, 0.0032, 0.0032, 0.0032, 0.0032, 0.0031, 0.0031, 0.0031, 0.0031, 0.003, 0.003, 0.003, 0.003, 0.003, 0.0029, 0.0029, 0.0029, 0.0028, 0.0028, 0.0027, 0.0027, 0.0027, 0.0026, 0.0026, 0.0025, 0.0025, 0.0025, 0.0024, 0.0024, 0.0024, 0.0023, 0.0023, 0.0022, 0.0022, 0.0022, 0.0021, 0.0021, 0.0021, 0.0021, 0.0021, 0.0021, 0.0021, 0.002, 0.002, 0.002, 0.002, 0.002, 0.0019, 0.0019, 0.0019, 0.0018, 0.0018, 0.0018, 0.0018, 0.0018, 0.0018, 0.0017, 0.0017, 0.0017, 0.0017, 0.0017, 0.0016, 0.0016, 0.0016, 0.0016, 0.0015, 0.0015, 0.0014, 0.0014, 0.0014, 0.0014, 0.0013, 0.0013, 0.0013, 0.0013, 0.0013, 0.0013, 0.0013, 0.0012, 0.0012, 0.0012, 0.0011, 0.0011, 0.0011, 0.0011, 0.0011, 0.0011, 0.001, 0.001, 0.001, 0.001, 0.001, 0.001, 0.0009, 0.0009, 0.0009, 0.0009, 0.0008, 0.0008, 0.0008, 0.0008, 0.0008, 0.0008, 0.0007, 0.0007, 0.0007, 0.0007, 0.0007, 0.0007, 0.0007, 0.0006, 0.0006, 0.0006, 0.0006, 0.0006, 0.0006, 0.0006, 0.0006, 0.0006, 0.0006, 0.0006, 0.0006, 0.0005, 0.0005, 0.0005, 0.0005, 0.0005, 0.0005, 0.0005, 0.0005, 0.0005, 0.0004, 0.0004, 0.0004, 0.0004, 0.0004, 0.0004, 0.0004, 0.0004, 0.0004, 0.0004, 0.0003, 0.0003, 0.0002, 0.0002, 0.0002, 0.0002, 0.0002, 0.0002, 1e-04, 1e-04, 1e-04, 1e-04, 1e-04, 1e-04, 1e-04, 1e-04, 1e-04, 1e-04, 1e-04, 1e-04, 1e-04, 1e-04]"
182,Add-on_75_GP,320,320,195,195,"['IL4I1', 'FCRLA', 'IER5', 'KRT1', 'SFRP4', 'IL1RAPL1', 'ABCC8', 'RAB3B', 'PKHD1L1', 'LCT', 'CXCR3', 'CDH19', 'CREB3L1', 'TRDV1', 'PDCD1', 'KLK1', 'CD5', 'DNAJC12', 'DERL3', 'MT1A', 'CD36', 'SMIM6', 'ROBO2', 'NKG7', 'CD83', 'TRBC2', 'CD3G', 'SFXN1', 'RPS4Y1', 'AGTR1', 'IDO1', 'RIIAD1', 'RORC', 'PI3', 'TBC1D4', 'PTPRB', 'HRCT1', 'TRGV4', 'TRBC1', 'KLRD1', 'MCEMP1', 'STXBP6', 'RGMB', 'ANK2', 'KIT', 'BANK1', 'SLC12A2', 'KRT86', 'CD3D', 'CTNNB1', 'FEV', 'PLVAP', 'TMIGD1', 'EBPL', 'SMIM14', 'BATF', 'CXCR1', 'ICOS', 'GPRIN3', 'ADRA2A', 'PLPP2', 'HES1', 'RAB26', 'SNCA', 'PTGER4', 'EPHB3', 'CKAP4', 'GNPTAB', 'BEST2', 'CMA1', 'SCGN', 'FOXP3', 'TNFRSF25', 'CTLA4', 'UGT2A3', 'CCR7', 'PTTG1', 'PDE4C', 'C7', 'ARHGAP24', 'PCDH11X', 'VPREB3', 'LGALS2', 'CALB2', 'DEPP1', 'RFX6', 'NOTCH3', 'WFDC2', 'MSLN', 'SELENOK', 'ZEB2', 'IMPDH2', 'PLXND1', 'PDZK1IP1', 'ACACB', 'TYMS', 'NKX2-2', 'SCG5', 'RORA', 'AVIL', 'ETS1', 'SCG3', 'CDKN2B', 'SPDEF', 'CEP126', 'LILRA4', 'ETV1', 'GZMA', 'CDK6', 'HTR3E', 'RGS13', 'RUNX1T1', 'KIF5C', 'B3GNT6', 'PAX4', 'PDGFRA', 'DMBT1', 'GATA2', 'GPR183', 'DUOX2', 'TK1', 'TNFRSF17', 'CXCR5', 'BMX', 'CA4', 'ODF2L', 'MAF', 'TOX', 'MYH14', 'SCG2', 'FCRL1', 'SOCS3', 'TUBB', 'CD79A', 'MEIS2', 'NXPE4', 'REP15', 'PSTPIP2', 'MS4A12', 'CST7', 'GALNT5', 'LMCD1', 'RNASE1', 'FERMT1', 'SH2D7', 'RGS5', 'CD8A', 'CA1', 'ID2', 'KLRB1', 'NEUROD1', 'CLCA1', 'CHGB', 'PIGR', 'ITLN1', 'TAGLN', 'DNASE1L3', 'ATOH1', 'PCLAF', 'GPRC5C', 'CLCA4', 'RRM2', 'PROX1', 'MLPH', 'STMN1', 'AQP8', 'OLFM4', 'PLN', 'MMP3', 'CXCR2', 'RBFOX3', 'SH2D6', 'TMEM61', 'FOXA3', 'RHOV', 'CTSB', 'SLC29A4', 'CFTR', 'ARX', 'AKR7A3', 'SIT1', 'CHRM3', 'HES6', 'MS4A2', 'GALNT8', 'GNLY', 'KLRC2', 'NOVA1', 'VWA5B2', 'CD8B', 'SOX9', 'TNFAIP3', 'MB', 'S100P', 'CRYBA2', 'C2orf88', 'SELENBP1', 'L1TD1', 'ABCA8', 'ACKR1', 'CPE', 'FRZB', 'FYB1', 'CDCA7', 'PRDX4', 'C1QC', 'TRAC', 'CHP2', 'CPA3', 'SOD3', 'RAP1GAP', 'NUSAP1', 'CDHR5', 'HHIP', 'UBE2C', 'SOX6', 'MS4A8', 'CADPS', 'EGFR', 'REG4', 'HEPACAM2', 'LRMP', 'IFI27', 'AFAP1L2', 'PAX5', 'IL1RL1', 'PLCE1', 'GIMAP7', 'CA7', 'UGT2B17', 'LEF1', 'GREM2', 'PDGFRB', 'IL17RB', 'OTOP2', 'C1QBP', 'HMGB2', 'LAG3', 'HPGDS', 'MBP', 'ASCL2', 'CD163', 'SVOPL', 'ANO7', 'CES2', 'CHGA', 'TOP2A', 'TRPM5', 'FKBP11', 'FFAR4', 'GNA11', 'GZMK', 'RNF43', 'SLC26A2', 'PBK', 'INSM1', 'AKR1C3', 'DOCK10', 'SMOC2', 'SLC18A2', 'MUC12', 'LYVE1', 'SELENOM', 'CYB5R3', 'TKT', 'HAVCR2', 'LEPROTL1', 'BEST4', 'CDK15', 'FABP2', 'IRF8', 'SCNN1A', 'CHI3L2', 'SPIB', 'CMBL', 'CES1', 'IL7R', 'CTSE', 'PRPH', 'SLC26A3', 'ACTA2', 'TCL1A', 'TUBA1A', 'PPP1R1B', 'AQP1', 'F3', 'MS4A1', 'NOSIP', 'CA2', 'DPYSL3', 'NET1', 'ANXA13', 'RETNLB', 'PRF1', 'LGR5', 'KCNAB1', 'CLEC9A', 'CYBB', 'CD3E', 'CCDC80', 'MKI67', 'GPX2', 'ITK', 'ISL1', 'SOX4', 'KRT8', 'CXCR4', 'CR2', 'SULT1B1', 'RUNX1', 'FZD7', 'KRTCAP3', 'SPOCK2', 'SDCBP2', 'TRAT1', 'BRCA2', 'TCF21', 'SEC11C', 'MS4A7', 'BCAS1']","['IL1RAPL1', 'FCRLA', 'PKHD1L1', 'CDH19', 'RAB3B', 'KRT1', 'ABCC8', 'NRXN1', 'RPS4Y1', 'RIIAD1', 'ROBO2', 'MT1A', 'TRBC2', 'RGMB', 'DNAJC12', 'DERL3', 'SLC12A2', 'CREB3L1', 'CD3G', 'NKG7', 'TPSG1', 'TRDV1', 'CMA1', 'ICOS', 'MCEMP1', 'KLRD1', 'PCDH11X', 'EPHB3', 'HRCT1', 'SFXN1', 'FEV', 'RORC', 'RSPO3', 'MFAP5', 'SMIM6', 'STXBP6', 'TMIGD1', 'SCG3', 'TRGV4', 'SCGN', 'DUOX2', 'PLVAP', 'SNCA', 'RNASE1', 'PDE4C', 'IMPDH2', 'SELENOK', 'UGT2A3', 'BANK1', 'PDCD1', 'NRG3', 'EBPL', 'ANK2', 'RAB26', 'CEP126', 'GPRIN3', 'BEST2', 'TOX', 'KLRB1', 'HTR3E', 'DEPP1', 'RFX6', 'RGS13', 'GNPTAB', 'LGALS2', 'LILRA4', 'GALNT5', 'WFDC2', 'CA4', 'C1QC', 'CLCA1', 'CD7', 'MYH14', 'CD177', 'AVIL', 'TNFRSF25', 'B3GNT6', 'PAX4', 'GZMA', 'RUNX1T1', 'SPDEF', 'MS4A12', 'VWA5B2', 'SH2D7', 'KIF5C', 'MLPH', 'ARX', 'SH2D6', 'LMCD1', 'CA1', 'VPREB3', 'SOD3', 'FOXA3', 'RGS5', 'KLRC2', 'C1QA', 'SLC29A4', 'TIGIT', 'ODF2L', 'MS4A2', 'PROX1', 'RARRES2', 'CHGB', 'AQP8', 'REP15', 'HEPACAM2', 'C2orf88', 'L1TD1', 'FCRL1', 'HHLA2', 'CRYBA2', 'TRAT1', 'CHP2', 'CTSG', 'RBFOX3', 'FKBP11', 'CADM2', 'WNT5B', 'SVOPL', 'DOCK10', 'SELENOM', 'TRPM5', 'CD2', 'CD8B', 'CA7', 'MB', 'LYVE1', 'UGT2B17', 'MS4A1', 'GCG', 'IL17RB', 'OTOP2', 'CYB5R3', 'CES2', 'GALNT8', 'MUC12', 'IFI27', 'PAPLN', 'LGALS9', 'UCN3', 'SMOC2', 'AKR7A3', 'PPP1R1B', 'MS4A7', 'NET1', 'HES6', 'BEST4', 'CDHR5', 'MS4A8', 'TCL1A', 'REG4', 'SLC18A2', 'TCF21', 'HPGDS', 'NOVA1', 'RHOV', 'FFAR4', 'SPOCK2', 'CYBB', 'TRAC', 'KRTCAP3', 'SEC11C', 'GZMK', 'KCNAB1', 'PLCE1', 'CPA3', 'ANO7', 'ASCL2', 'ROBO1', 'BCAS1', 'PRDX4', 'GNA11', 'ANPEP', 'LRMP', 'NOSIP', 'AQP1', 'NID1', 'CTSE', 'ANXA13', 'GIMAP7', 'GNLY', 'GUCA2B', 'LAG3', 'CHGA', 'CLEC9A', 'PRPH', 'SOX6', 'SLC26A3', 'LEPROTL1', 'TMEM61', 'HDC', 'CDK15', 'TKT', 'CHI3L2', 'SDCBP2']","[0.0088, 0.0079, 0.0078, 0.0073, 0.0071, 0.0069, 0.0066, 0.006, 0.0059, 0.0058, 0.0056, 0.0053, 0.0051, 0.0051, 0.0049, 0.0048, 0.0048, 0.0047, 0.0047, 0.0046, 0.0046, 0.0046, 0.0046, 0.0045, 0.0045, 0.0045, 0.0044, 0.0044, 0.0044, 0.0043, 0.0043, 0.0043, 0.0043, 0.0043, 0.0042, 0.0041, 0.0041, 0.004, 0.0039, 0.0039, 0.0039, 0.0039, 0.0039, 0.0038, 0.0038, 0.0038, 0.0038, 0.0038, 0.0037, 0.0037, 0.0037, 0.0037, 0.0037, 0.0036, 0.0036, 0.0036, 0.0036, 0.0036, 0.0034, 0.0034, 0.0034, 0.0033, 0.0033, 0.0033, 0.0032, 0.0032, 0.0032, 0.0032, 0.0032, 0.0031, 0.0031, 0.003, 0.003, 0.003, 0.003, 0.003, 0.003, 0.0029, 0.0029, 0.0029, 0.0029, 0.0028, 0.0028, 0.0028, 0.0028, 0.0028, 0.0028, 0.0028, 0.0028, 0.0028, 0.0028, 0.0027, 0.0027, 0.0027, 0.0027, 0.0027, 0.0027, 0.0027, 0.0027, 0.0027, 0.0026, 0.0026, 0.0026, 0.0026, 0.0025, 0.0025, 0.0025, 0.0025, 0.0025, 0.0024, 0.0024, 0.0024, 0.0024, 0.0024, 0.0024, 0.0024, 0.0024, 0.0023, 0.0023, 0.0023, 0.0023, 0.0023, 0.0022, 0.0022, 0.0022, 0.0022, 0.0022, 0.0022, 0.0022, 0.0021, 0.0021, 0.0021, 0.0021, 0.002, 0.002, 0.002, 0.002, 0.002, 0.002, 0.002, 0.002, 0.002, 0.0019, 0.0019, 0.0018, 0.0018, 0.0018, 0.0018, 0.0018, 0.0018, 0.0018, 0.0017, 0.0017, 0.0017, 0.0017, 0.0016, 0.0016, 0.0016, 0.0016, 0.0016, 0.0016, 0.0016, 0.0016, 0.0016, 0.0016, 0.0015, 0.0015, 0.0015, 0.0015, 0.0015, 0.0015, 0.0015, 0.0014, 0.0014, 0.0014, 0.0014, 0.0014, 0.0014, 0.0014, 0.0014, 0.0014, 0.0014, 0.0013, 0.0013, 0.0013, 0.0013, 0.0013, 0.0013, 0.0013, 0.0013, 0.0013, 0.0012, 0.0012, 0.0012, 0.0012, 0.0011, 0.0011, 0.0011, 0.0011, 0.0011, 0.0011, 0.0011, 0.0011, 0.001, 0.001, 0.001, 0.001, 0.001, 0.001, 0.001, 0.001, 0.0009, 0.0009, 0.0009, 0.0009, 0.0009, 0.0009, 0.0009, 0.0009, 0.0009, 0.0009, 0.0008, 0.0008, 0.0008, 0.0008, 0.0008, 0.0008, 0.0008, 0.0008, 0.0008, 0.0008, 0.0008, 0.0008, 0.0008, 0.0008, 0.0008, 0.0008, 0.0008, 0.0007, 0.0007, 0.0007, 0.0007, 0.0007, 0.0007, 0.0007, 0.0007, 0.0007, 0.0006, 0.0006, 0.0006, 0.0006, 0.0006, 0.0006, 0.0006, 0.0006, 0.0006, 0.0006, 0.0006, 0.0006, 0.0006, 0.0005, 0.0005, 0.0005, 0.0005, 0.0005, 0.0005, 0.0005, 0.0005, 0.0005, 0.0005, 0.0004, 0.0004, 0.0004, 0.0004, 0.0004, 0.0004, 0.0004, 0.0004, 0.0004, 0.0004, 0.0004, 0.0003, 0.0003, 0.0003, 0.0003, 0.0003, 0.0003, 0.0003, 0.0003, 0.0002, 0.0002, 0.0002, 0.0002, 0.0002, 0.0002, 0.0002, 0.0002, 0.0002, 0.0002, 0.0002, 0.0002, 1e-04, 1e-04, 1e-04, 1e-04, 1e-04, 1e-04, 1e-04, 1e-04, 1e-04, 1e-04, 1e-04, 1e-04, 1e-04, 1e-04, 1e-04, 0.0, 0.0, 0.0, 0.0]","[0.0067, 0.0065, 0.0062, 0.006, 0.0058, 0.0056, 0.0052, 0.0052, 0.0049, 0.0046, 0.0045, 0.0043, 0.0042, 0.0041, 0.0041, 0.0041, 0.004, 0.004, 0.0039, 0.0039, 0.0038, 0.0037, 0.0037, 0.0037, 0.0036, 0.0036, 0.0036, 0.0035, 0.0035, 0.0034, 0.0034, 0.0033, 0.0033, 0.0033, 0.0033, 0.0033, 0.0032, 0.0031, 0.0031, 0.003, 0.003, 0.003, 0.003, 0.003, 0.0029, 0.0029, 0.0029, 0.0029, 0.0028, 0.0028, 0.0028, 0.0028, 0.0028, 0.0027, 0.0027, 0.0026, 0.0025, 0.0025, 0.0025, 0.0025, 0.0024, 0.0024, 0.0023, 0.0023, 0.0023, 0.0022, 0.0022, 0.0022, 0.0022, 0.0022, 0.0021, 0.0021, 0.002, 0.002, 0.0019, 0.0019, 0.0018, 0.0018, 0.0017, 0.0017, 0.0017, 0.0017, 0.0017, 0.0016, 0.0016, 0.0016, 0.0016, 0.0016, 0.0016, 0.0015, 0.0015, 0.0015, 0.0015, 0.0015, 0.0015, 0.0015, 0.0015, 0.0014, 0.0014, 0.0014, 0.0014, 0.0014, 0.0014, 0.0013, 0.0013, 0.0013, 0.0013, 0.0013, 0.0013, 0.0012, 0.0012, 0.0012, 0.0012, 0.0011, 0.0011, 0.0011, 0.0011, 0.0011, 0.0011, 0.0011, 0.001, 0.001, 0.001, 0.001, 0.001, 0.001, 0.001, 0.001, 0.001, 0.0009, 0.0009, 0.0009, 0.0009, 0.0009, 0.0009, 0.0009, 0.0009, 0.0008, 0.0008, 0.0008, 0.0008, 0.0007, 0.0007, 0.0007, 0.0007, 0.0006, 0.0006, 0.0006, 0.0006, 0.0006, 0.0006, 0.0006, 0.0006, 0.0006, 0.0006, 0.0006, 0.0006, 0.0005, 0.0005, 0.0005, 0.0004, 0.0004, 0.0004, 0.0004, 0.0004, 0.0004, 0.0003, 0.0003, 0.0003, 0.0003, 0.0003, 0.0003, 0.0003, 0.0003, 0.0003, 0.0003, 0.0003, 0.0002, 0.0002, 0.0002, 0.0002, 0.0002, 0.0002, 0.0002, 0.0002, 0.0002, 0.0002, 1e-04, 1e-04, 1e-04, 1e-04, 1e-04, 1e-04, 1e-04, 1e-04]"
202,Add-on_95_GP,320,320,195,195,"['PAX4', 'SIT1', 'VPREB3', 'HES6', 'SOX6', 'IL4I1', 'MCEMP1', 'FOXP3', 'CD83', 'CD8B', 'RIIAD1', 'PAX5', 'MEIS2', 'AKR7A3', 'PDZK1IP1', 'CDK15', 'SFRP4', 'RPS4Y1', 'CEP126', 'FCRLA', 'BANK1', 'CXCR4', 'RAP1GAP', 'MB', 'CHGA', 'REP15', 'FFAR4', 'GALNT5', 'IRF8', 'TUBB', 'CXCR3', 'TYMS', 'ISL1', 'CCR7', 'FEV', 'MT1A', 'HTR3E', 'PI3', 'DEPP1', 'CXCR5', 'RRM2', 'CRYBA2', 'TRGV4', 'SMOC2', 'ANK2', 'MMP3', 'UGT2A3', 'BCAS1', 'KIF5C', 'MS4A8', 'FABP2', 'REG4', 'OTOP2', 'C1QBP', 'PDGFRA', 'LCT', 'SLC18A2', 'EBPL', 'TRAT1', 'FOXA3', 'NOSIP', 'RETNLB', 'TRDV1', 'SCGN', 'CA7', 'CMA1', 'CYB5R3', 'LMCD1', 'ID2', 'CTNNB1', 'TBC1D4', 'NEUROD1', 'RFX6', 'LEPROTL1', 'SPIB', 'SLC29A4', 'RUNX1', 'SLC26A2', 'RHOV', 'CMBL', 'RORC', 'ETS1', 'SOCS3', 'GZMA', 'ETV1', 'PCLAF', 'PROX1', 'CALB2', 'KRT86', 'INSM1', 'ARHGAP24', 'TCL1A', 'ABCC8', 'GZMK', 'DOCK10', 'DMBT1', 'GREM2', 'HEPACAM2', 'PTGER4', 'GIMAP7', 'TMEM61', 'ADRA2A', 'CHGB', 'GNPTAB', 'GPRIN3', 'TNFAIP3', 'MS4A2', 'KLRD1', 'PRPH', 'NKX2-2', 'CDK6', 'NKG7', 'DERL3', 'MSLN', 'CDHR5', 'LILRA4', 'TRAC', 'KIT', 'PDCD1', 'TK1', 'ODF2L', 'PDE4C', 'PTTG1', 'BRCA2', 'CLCA1', 'STXBP6', 'SPDEF', 'TOX', 'AVIL', 'PKHD1L1', 'FZD7', 'KLK1', 'ATOH1', 'TAGLN', 'CHRM3', 'KRT8', 'LEF1', 'MKI67', 'C7', 'GNA11', 'ROBO2', 'PLPP2', 'NOVA1', 'NUSAP1', 'PLVAP', 'DPYSL3', 'CPE', 'PLXND1', 'CLCA4', 'CFTR', 'PPP1R1B', 'CD79A', 'LYVE1', 'CD5', 'CPA3', 'IMPDH2', 'B3GNT6', 'STMN1', 'IL1RL1', 'ZEB2', 'RNF43', 'IL17RB', 'KRT1', 'CLEC9A', 'SOX9', 'TUBA1A', 'AGTR1', 'CREB3L1', 'PCDH11X', 'HAVCR2', 'MYH14', 'CXCR1', 'CCDC80', 'CD3E', 'PIGR', 'HPGDS', 'CD36', 'GPX2', 'MAF', 'BMX', 'IDO1', 'HRCT1', 'SFXN1', 'FRZB', 'CD3G', 'L1TD1', 'CDCA7', 'MS4A1', 'TRBC2', 'SELENOK', 'LGALS2', 'ACKR1', 'TMIGD1', 'GALNT8', 'AFAP1L2', 'RAB3B', 'KRTCAP3', 'KLRB1', 'GATA2', 'CES2', 'PLN', 'PRF1', 'CD163', 'SMIM14', 'SLC26A3', 'SH2D6', 'TNFRSF17', 'WFDC2', 'DUOX2', 'CD3D', 'ABCA8', 'SVOPL', 'CD8A', 'TNFRSF25', 'SCG2', 'TOP2A', 'CDH19', 'ACTA2', 'RAB26', 'PTPRB', 'ICOS', 'SCG3', 'RGS13', 'IFI27', 'RBFOX3', 'F3', 'TRPM5', 'CTSB', 'NXPE4', 'SNCA', 'IL7R', 'CDKN2B', 'ITLN1', 'SELENBP1', 'FCRL1', 'AKR1C3', 'CA4', 'CTLA4', 'KLRC2', 'MUC12', 'ARX', 'ACACB', 'CST7', 'LGR5', 'ASCL2', 'RORA', 'TRBC1', 'ANO7', 'KCNAB1', 'GNLY', 'SULT1B1', 'CES1', 'IER5', 'PDGFRB', 'PLCE1', 'FERMT1', 'RUNX1T1', 'EPHB3', 'HES1', 'DNAJC12', 'CHI3L2', 'AQP8', 'ITK', 'SOX4', 'SLC12A2', 'NET1', 'SMIM6', 'GPRC5C', 'C1QC', 'SH2D7', 'GPR183', 'CYBB', 'PRDX4', 'SCG5', 'VWA5B2', 'CHP2', 'CA2', 'RGS5', 'NOTCH3', 'SCNN1A', 'CTSE', 'FYB1', 'SDCBP2', 'SEC11C', 'TKT', 'UBE2C', 'DNASE1L3', 'MBP', 'ANXA13', 'CXCR2', 'PBK', 'CR2', 'AQP1', 'BEST2', 'C2orf88', 'EGFR', 'CADPS', 'BATF', 'HMGB2', 'TCF21', 'MS4A12', 'CKAP4', 'FKBP11', 'IL1RAPL1', 'UGT2B17', 'BEST4', 'SPOCK2', 'CA1', 'MS4A7', 'OLFM4', 'LAG3', 'LRMP', 'SOD3', 'PSTPIP2', 'RNASE1', 'HHIP', 'S100P', 'MLPH', 'SELENOM', 'RGMB']","['PAX4', 'HES6', 'VPREB3', 'SOX6', 'CD8B', 'RIIAD1', 'FCRLA', 'MCEMP1', 'CDK15', 'DEPP1', 'CEP126', 'CHGA', 'REP15', 'AKR7A3', 'FFAR4', 'BANK1', 'MB', 'CRYBA2', 'SCGN', 'ANK2', 'GALNT5', 'RPS4Y1', 'OTOP2', 'TRAT1', 'MT1A', 'CA7', 'REG4', 'SLC18A2', 'FEV', 'KIF5C', 'CMA1', 'SMOC2', 'MS4A8', 'PCDH11X', 'BCAS1', 'UGT2A3', 'LEPROTL1', 'FOXA3', 'GIMAP7', 'CYB5R3', 'PRPH', 'RFX6', 'HTR3E', 'GZMK', 'EBPL', 'RHOV', 'GZMA', 'CD7', 'TRGV4', 'HEPACAM2', 'PROX1', 'LYVE1', 'LMCD1', 'SLC29A4', 'NOSIP', 'MS4A2', 'CHGB', 'GPRIN3', 'DOCK10', 'GNPTAB', 'RORC', 'PAPLN', 'ABCC8', 'DERL3', 'PLVAP', 'TCL1A', 'HHLA2', 'CTSG', 'TRDV1', 'LGALS9', 'ANPEP', 'WNT5B', 'GCG', 'CDHR5', 'STXBP6', 'PDE4C', 'TIGIT', 'SPDEF', 'NKG7', 'CLCA1', 'LILRA4', 'CPA3', 'AVIL', 'CLEC9A', 'CD3G', 'PDCD1', 'PKHD1L1', 'KLRB1', 'ODF2L', 'TRAC', 'MYH14', 'NOVA1', 'PPP1R1B', 'HDC', 'IL17RB', 'TOX', 'KLRD1', 'ROBO2', 'GNA11', 'TPSG1', 'GALNT8', 'IMPDH2', 'B3GNT6', 'IFI27', 'WFDC2', 'RAB26', 'CREB3L1', 'RARRES2', 'NRXN1', 'CDH19', 'HPGDS', 'NID1', 'TNFRSF25', 'TMEM61', 'ARX', 'SNCA', 'L1TD1', 'TCF21', 'ASCL2', 'MFAP5', 'TMIGD1', 'SCG3', 'LGALS2', 'HRCT1', 'CHI3L2', 'ROBO1', 'SFXN1', 'MS4A1', 'SLC26A3', 'TRBC2', 'DNAJC12', 'CD177', 'KRTCAP3', 'CES2', 'GUCA2B', 'SELENOK', 'RBFOX3', 'DUOX2', 'KLRC2', 'KCNAB1', 'CYBB', 'PRDX4', 'RNASE1', 'RAB3B', 'VWA5B2', 'MUC12', 'CA4', 'RGS13', 'IL1RAPL1', 'SVOPL', 'ANO7', 'PLCE1', 'SELENOM', 'NET1', 'KRT1', 'TKT', 'ANXA13', 'SH2D6', 'AQP8', 'MS4A7', 'CHP2', 'ICOS', 'RSPO3', 'FCRL1', 'C1QA', 'CD2', 'C2orf88', 'CADM2', 'SLC12A2', 'GNLY', 'UCN3', 'LAG3', 'FKBP11', 'TRPM5', 'LRMP', 'UGT2B17', 'SMIM6', 'CA1', 'SOD3', 'C1QC', 'SDCBP2', 'RUNX1T1', 'BEST2', 'BEST4', 'EPHB3', 'SPOCK2', 'CTSE', 'MLPH', 'SEC11C', 'RGS5', 'MS4A12', 'RGMB', 'SH2D7', 'AQP1', 'NRG3']","[0.0108, 0.0099, 0.0084, 0.0069, 0.0067, 0.0065, 0.0061, 0.006, 0.006, 0.0059, 0.0058, 0.0057, 0.0056, 0.0053, 0.0052, 0.0051, 0.0051, 0.005, 0.0049, 0.0047, 0.0047, 0.0046, 0.0046, 0.0046, 0.0046, 0.0045, 0.0045, 0.0043, 0.0042, 0.0042, 0.0042, 0.0041, 0.0041, 0.0041, 0.0041, 0.004, 0.0039, 0.0039, 0.0039, 0.0039, 0.0039, 0.0039, 0.0038, 0.0038, 0.0037, 0.0037, 0.0037, 0.0037, 0.0037, 0.0036, 0.0036, 0.0036, 0.0036, 0.0035, 0.0035, 0.0035, 0.0035, 0.0034, 0.0034, 0.0033, 0.0033, 0.0033, 0.0033, 0.0033, 0.0032, 0.0032, 0.0032, 0.0032, 0.0032, 0.0032, 0.0032, 0.0031, 0.0031, 0.0031, 0.0031, 0.0031, 0.0031, 0.003, 0.003, 0.003, 0.0029, 0.0029, 0.0029, 0.0029, 0.0029, 0.0029, 0.0028, 0.0028, 0.0028, 0.0027, 0.0027, 0.0027, 0.0027, 0.0027, 0.0027, 0.0027, 0.0026, 0.0026, 0.0026, 0.0025, 0.0025, 0.0025, 0.0025, 0.0025, 0.0024, 0.0024, 0.0024, 0.0024, 0.0023, 0.0023, 0.0023, 0.0023, 0.0022, 0.0022, 0.0022, 0.0022, 0.0022, 0.0022, 0.0022, 0.0022, 0.0022, 0.0022, 0.0021, 0.0021, 0.0021, 0.0021, 0.0021, 0.0021, 0.0021, 0.0021, 0.0021, 0.002, 0.002, 0.002, 0.002, 0.002, 0.002, 0.0019, 0.0019, 0.0019, 0.0019, 0.0019, 0.0019, 0.0019, 0.0019, 0.0018, 0.0018, 0.0018, 0.0018, 0.0018, 0.0018, 0.0017, 0.0017, 0.0017, 0.0017, 0.0017, 0.0017, 0.0017, 0.0017, 0.0016, 0.0016, 0.0016, 0.0016, 0.0016, 0.0016, 0.0016, 0.0015, 0.0015, 0.0015, 0.0015, 0.0015, 0.0015, 0.0015, 0.0015, 0.0015, 0.0014, 0.0014, 0.0014, 0.0014, 0.0014, 0.0014, 0.0014, 0.0013, 0.0013, 0.0013, 0.0013, 0.0013, 0.0013, 0.0013, 0.0012, 0.0012, 0.0012, 0.0012, 0.0012, 0.0012, 0.0012, 0.0012, 0.0012, 0.0011, 0.0011, 0.0011, 0.0011, 0.0011, 0.0011, 0.0011, 0.0011, 0.0011, 0.001, 0.001, 0.001, 0.001, 0.001, 0.001, 0.001, 0.001, 0.001, 0.001, 0.0009, 0.0009, 0.0009, 0.0009, 0.0009, 0.0009, 0.0009, 0.0009, 0.0009, 0.0009, 0.0009, 0.0008, 0.0008, 0.0008, 0.0008, 0.0008, 0.0008, 0.0008, 0.0008, 0.0008, 0.0008, 0.0008, 0.0007, 0.0007, 0.0007, 0.0007, 0.0007, 0.0007, 0.0007, 0.0007, 0.0007, 0.0007, 0.0007, 0.0007, 0.0007, 0.0006, 0.0006, 0.0006, 0.0006, 0.0006, 0.0006, 0.0005, 0.0005, 0.0005, 0.0005, 0.0005, 0.0005, 0.0005, 0.0004, 0.0004, 0.0004, 0.0004, 0.0004, 0.0004, 0.0004, 0.0004, 0.0004, 0.0004, 0.0004, 0.0004, 0.0004, 0.0004, 0.0004, 0.0004, 0.0003, 0.0003, 0.0003, 0.0003, 0.0003, 0.0003, 0.0003, 0.0003, 0.0003, 0.0003, 0.0002, 0.0002, 0.0002, 0.0002, 0.0002, 0.0002, 0.0002, 0.0002, 0.0002, 0.0002, 0.0002, 0.0002, 0.0002, 0.0002, 1e-04, 1e-04, 1e-04, 1e-04, 1e-04, 1e-04, 1e-04, 1e-04, 0.0, 0.0, 0.0, 0.0, 0.0, 0.0, 0.0]","[0.0092, 0.0061, 0.006, 0.0059, 0.0054, 0.0053, 0.0053, 0.0052, 0.0051, 0.0048, 0.0047, 0.0046, 0.0043, 0.0043, 0.0043, 0.004, 0.0039, 0.0038, 0.0038, 0.0038, 0.0038, 0.0037, 0.0037, 0.0037, 0.0037, 0.0036, 0.0036, 0.0036, 0.0036, 0.0035, 0.0035, 0.0034, 0.0034, 0.0033, 0.0032, 0.0032, 0.0031, 0.0031, 0.0031, 0.003, 0.0029, 0.0029, 0.0029, 0.0029, 0.0029, 0.0029, 0.0028, 0.0027, 0.0027, 0.0027, 0.0027, 0.0027, 0.0026, 0.0026, 0.0025, 0.0025, 0.0025, 0.0024, 0.0024, 0.0024, 0.0024, 0.0023, 0.0023, 0.0023, 0.0022, 0.0022, 0.0022, 0.0022, 0.0021, 0.0021, 0.0021, 0.0021, 0.002, 0.002, 0.002, 0.002, 0.0019, 0.0019, 0.0018, 0.0018, 0.0018, 0.0018, 0.0017, 0.0017, 0.0017, 0.0017, 0.0016, 0.0016, 0.0016, 0.0016, 0.0015, 0.0015, 0.0015, 0.0015, 0.0015, 0.0015, 0.0015, 0.0014, 0.0014, 0.0014, 0.0014, 0.0014, 0.0014, 0.0012, 0.0012, 0.0012, 0.0012, 0.0012, 0.0012, 0.0011, 0.0011, 0.0011, 0.0011, 0.0011, 0.0011, 0.0011, 0.0011, 0.001, 0.001, 0.001, 0.001, 0.001, 0.001, 0.001, 0.001, 0.001, 0.001, 0.001, 0.001, 0.0009, 0.0009, 0.0009, 0.0009, 0.0009, 0.0009, 0.0008, 0.0008, 0.0008, 0.0008, 0.0007, 0.0007, 0.0007, 0.0007, 0.0007, 0.0006, 0.0006, 0.0006, 0.0006, 0.0005, 0.0005, 0.0005, 0.0005, 0.0005, 0.0005, 0.0005, 0.0005, 0.0004, 0.0004, 0.0004, 0.0004, 0.0004, 0.0004, 0.0004, 0.0003, 0.0003, 0.0003, 0.0003, 0.0003, 0.0003, 0.0003, 0.0003, 0.0003, 0.0002, 0.0002, 0.0002, 0.0002, 0.0002, 0.0002, 0.0002, 0.0002, 0.0002, 1e-04, 1e-04, 1e-04, 1e-04, 1e-04, 1e-04, 1e-04, 1e-04, 0.0, 0.0, 0.0, 0.0, 0.0, 0.0]"
205,Add-on_98_GP,320,320,195,195,"['HRCT1', 'KLRD1', 'CHI3L2', 'SLC29A4', 'ODF2L', 'SPDEF', 'AKR7A3', 'KRT1', 'RIIAD1', 'SMIM6', 'ISL1', 'CHRM3', 'SIT1', 'PDZK1IP1', 'MCEMP1', 'KLK1', 'DERL3', 'PLXND1', 'MMP3', 'DOCK10', 'TRAT1', 'PI3', 'MS4A8', 'AGTR1', 'CDH19', 'IMPDH2', 'HEPACAM2', 'PAX4', 'TRBC1', 'SMIM14', 'MB', 'LILRA4', 'VPREB3', 'HHIP', 'NOTCH3', 'CREB3L1', 'PAX5', 'PDE4C', 'GIMAP7', 'CPE', 'ETS1', 'CD3D', 'EGFR', 'RAP1GAP', 'CD8A', 'NKG7', 'ANK2', 'BRCA2', 'PKHD1L1', 'ACACB', 'ITK', 'AFAP1L2', 'ROBO2', 'CD83', 'TRBC2', 'LMCD1', 'C1QBP', 'CXCR3', 'TCF21', 'SCG3', 'PROX1', 'RUNX1T1', 'CA7', 'L1TD1', 'CDCA7', 'LGALS2', 'CD8B', 'FKBP11', 'PDCD1', 'CLCA4', 'TCL1A', 'BANK1', 'GALNT5', 'CD79A', 'SELENBP1', 'ARHGAP24', 'CHGB', 'RAB3B', 'SLC18A2', 'CDKN2B', 'ETV1', 'SFRP4', 'SELENOM', 'ITLN1', 'KRT86', 'CST7', 'CHGA', 'RETNLB', 'RNASE1', 'DMBT1', 'FRZB', 'CXCR2', 'CLEC9A', 'FOXA3', 'TRPM5', 'MEIS2', 'CD5', 'KLRB1', 'GPRC5C', 'SLC26A2', 'C7', 'PRF1', 'TK1', 'CXCR1', 'ANXA13', 'GZMA', 'ID2', 'HPGDS', 'HES6', 'CDK6', 'BMX', 'STMN1', 'SLC26A3', 'SFXN1', 'NKX2-2', 'BEST2', 'CDK15', 'CD3G', 'NUSAP1', 'TOP2A', 'LCT', 'INSM1', 'DUOX2', 'C2orf88', 'GZMK', 'TRGV4', 'NOSIP', 'DNAJC12', 'SCG2', 'PBK', 'GNLY', 'AQP1', 'CXCR4', 'MS4A1', 'TMEM61', 'FCRLA', 'CKAP4', 'RORC', 'S100P', 'SPIB', 'CXCR5', 'GNPTAB', 'AQP8', 'CTSE', 'CFTR', 'PTGER4', 'FCRL1', 'CYB5R3', 'REG4', 'LEF1', 'SVOPL', 'ACKR1', 'KLRC2', 'SH2D7', 'PRPH', 'HTR3E', 'ADRA2A', 'TNFRSF17', 'MBP', 'C1QC', 'STXBP6', 'SCNN1A', 'RHOV', 'FFAR4', 'PCLAF', 'RNF43', 'RPS4Y1', 'LGR5', 'AVIL', 'TOX', 'CHP2', 'ACTA2', 'CD163', 'PPP1R1B', 'PLCE1', 'KIF5C', 'MS4A12', 'OLFM4', 'RGMB', 'CES2', 'TRAC', 'ABCA8', 'RBFOX3', 'TKT', 'PLVAP', 'IL4I1', 'GPRIN3', 'AKR1C3', 'LAG3', 'MLPH', 'UGT2B17', 'SLC12A2', 'CES1', 'BEST4', 'RGS13', 'GPX2', 'TUBB', 'SOX4', 'ABCC8', 'SCG5', 'PDGFRB', 'B3GNT6', 'EPHB3', 'BCAS1', 'KRTCAP3', 'KIT', 'PRDX4', 'GPR183', 'RAB26', 'LYVE1', 'SH2D6', 'ANO7', 'ARX', 'TMIGD1', 'FEV', 'NEUROD1', 'MS4A7', 'PSTPIP2', 'FABP2', 'EBPL', 'FYB1', 'DPYSL3', 'SELENOK', 'LRMP', 'TBC1D4', 'CEP126', 'MKI67', 'GNA11', 'SCGN', 'PIGR', 'NXPE4', 'MSLN', 'ATOH1', 'PTTG1', 'SNCA', 'PTPRB', 'F3', 'CTLA4', 'CDHR5', 'TUBA1A', 'IRF8', 'PDGFRA', 'NOVA1', 'RFX6', 'CTSB', 'ICOS', 'PLPP2', 'IL7R', 'CTNNB1', 'HAVCR2', 'CALB2', 'KRT8', 'GALNT8', 'TNFAIP3', 'UGT2A3', 'CADPS', 'IER5', 'LEPROTL1', 'FZD7', 'IL17RB', 'PCDH11X', 'CPA3', 'CD3E', 'SMOC2', 'GATA2', 'HES1', 'IFI27', 'IL1RAPL1', 'TYMS', 'TAGLN', 'IL1RL1', 'HMGB2', 'MAF', 'NET1', 'TNFRSF25', 'CLCA1', 'MUC12', 'CD36', 'SPOCK2', 'CR2', 'TRDV1', 'VWA5B2', 'BATF', 'CCDC80', 'CA1', 'RRM2', 'PLN', 'CMA1', 'FOXP3', 'SOX6', 'RGS5', 'SULT1B1', 'IDO1', 'CMBL', 'CA2', 'ASCL2', 'MS4A2', 'CYBB', 'CRYBA2', 'SDCBP2', 'SEC11C', 'MYH14', 'OTOP2', 'ZEB2', 'SOX9', 'WFDC2', 'DNASE1L3', 'FERMT1', 'DEPP1', 'CCR7', 'REP15', 'CA4', 'SOD3', 'MT1A', 'GREM2', 'RUNX1', 'KCNAB1', 'UBE2C', 'RORA', 'SOCS3']","['KLRD1', 'HRCT1', 'CHI3L2', 'SLC29A4', 'ODF2L', 'CDH19', 'NRXN1', 'MFAP5', 'DERL3', 'SPDEF', 'TRAT1', 'SMIM6', 'AKR7A3', 'DOCK10', 'RIIAD1', 'MCEMP1', 'MS4A8', 'NKG7', 'CD177', 'HEPACAM2', 'GIMAP7', 'MB', 'CD2', 'PAX4', 'KRT1', 'CHGB', 'TRBC2', 'LILRA4', 'IMPDH2', 'PDE4C', 'CD8B', 'CA7', 'TCF21', 'CHGA', 'TCL1A', 'CREB3L1', 'LMCD1', 'SCG3', 'RAB3B', 'L1TD1', 'FKBP11', 'CLEC9A', 'KLRB1', 'SLC18A2', 'NID1', 'ANK2', 'PKHD1L1', 'BANK1', 'PROX1', 'GZMA', 'ROBO2', 'WNT5B', 'LGALS2', 'DUOX2', 'SELENOM', 'VPREB3', 'RUNX1T1', 'GZMK', 'TIGIT', 'GALNT5', 'GNLY', 'CADM2', 'FCRLA', 'AQP1', 'MS4A1', 'SLC26A3', 'HPGDS', 'UCN3', 'AQP8', 'C2orf88', 'GCG', 'CDK15', 'PLVAP', 'HDC', 'GUCA2B', 'RNASE1', 'FCRL1', 'TRGV4', 'ANXA13', 'PRPH', 'FOXA3', 'NOSIP', 'GNPTAB', 'TRAC', 'TRPM5', 'RBFOX3', 'KIF5C', 'KLRC2', 'BEST2', 'HTR3E', 'CTSE', 'SFXN1', 'CTSG', 'ICOS', 'RPS4Y1', 'NRG3', 'ANO7', 'RGMB', 'DNAJC12', 'SVOPL', 'B3GNT6', 'LRMP', 'GPRIN3', 'MLPH', 'PAPLN', 'MS4A12', 'SELENOK', 'TKT', 'PDCD1', 'FEV', 'CHP2', 'LGALS9', 'STXBP6', 'RORC', 'TMEM61', 'CD3G', 'CYB5R3', 'ARX', 'C1QC', 'ABCC8', 'PLCE1', 'CD7', 'TMIGD1', 'RHOV', 'REG4', 'EBPL', 'SH2D7', 'PPP1R1B', 'HES6', 'SPOCK2', 'TOX', 'CES2', 'LAG3', 'NOVA1', 'BCAS1', 'LEPROTL1', 'SLC12A2', 'LYVE1', 'AVIL', 'C1QA', 'IL17RB', 'CLCA1', 'TRDV1', 'UGT2B17', 'TPSG1', 'RGS13', 'CDHR5', 'DEPP1', 'KCNAB1', 'CYBB', 'SH2D6', 'BEST4', 'SEC11C', 'PRDX4', 'MUC12', 'UGT2A3', 'KRTCAP3', 'SNCA', 'MT1A', 'GNA11', 'FFAR4', 'TNFRSF25', 'PCDH11X', 'CPA3', 'ROBO1', 'RSPO3', 'HHLA2', 'CEP126', 'SOD3', 'MS4A7', 'ASCL2', 'RAB26', 'SMOC2', 'RGS5', 'IL1RAPL1', 'RFX6', 'SOX6', 'SDCBP2', 'VWA5B2', 'GALNT8', 'SCGN', 'REP15', 'CMA1', 'NET1', 'RARRES2', 'CA1', 'WFDC2', 'OTOP2', 'CRYBA2', 'MYH14', 'CA4', 'IFI27', 'MS4A2', 'ANPEP', 'EPHB3']","[0.01, 0.009, 0.0078, 0.0073, 0.0069, 0.0069, 0.0064, 0.0063, 0.0061, 0.006, 0.0059, 0.0057, 0.0057, 0.0055, 0.0054, 0.0053, 0.0053, 0.0053, 0.0052, 0.0051, 0.0051, 0.0051, 0.005, 0.005, 0.0048, 0.0046, 0.0045, 0.0045, 0.0044, 0.0044, 0.0044, 0.0044, 0.0043, 0.0043, 0.0041, 0.0041, 0.0041, 0.004, 0.0039, 0.0039, 0.0039, 0.0038, 0.0038, 0.0038, 0.0038, 0.0038, 0.0037, 0.0037, 0.0036, 0.0036, 0.0036, 0.0036, 0.0036, 0.0035, 0.0035, 0.0034, 0.0034, 0.0033, 0.0033, 0.0033, 0.0033, 0.0032, 0.0031, 0.0031, 0.003, 0.003, 0.0029, 0.0028, 0.0028, 0.0028, 0.0028, 0.0027, 0.0027, 0.0027, 0.0027, 0.0027, 0.0027, 0.0027, 0.0026, 0.0026, 0.0026, 0.0026, 0.0026, 0.0025, 0.0025, 0.0025, 0.0025, 0.0024, 0.0024, 0.0024, 0.0024, 0.0024, 0.0024, 0.0024, 0.0024, 0.0024, 0.0024, 0.0024, 0.0024, 0.0024, 0.0023, 0.0023, 0.0023, 0.0023, 0.0023, 0.0023, 0.0023, 0.0023, 0.0023, 0.0022, 0.0022, 0.0022, 0.0022, 0.0022, 0.0022, 0.0021, 0.0021, 0.0021, 0.0021, 0.002, 0.002, 0.002, 0.002, 0.002, 0.002, 0.0019, 0.0019, 0.0019, 0.0019, 0.0019, 0.0019, 0.0019, 0.0019, 0.0019, 0.0019, 0.0018, 0.0018, 0.0018, 0.0018, 0.0018, 0.0018, 0.0017, 0.0017, 0.0017, 0.0017, 0.0017, 0.0017, 0.0017, 0.0017, 0.0016, 0.0016, 0.0016, 0.0016, 0.0016, 0.0016, 0.0016, 0.0015, 0.0015, 0.0015, 0.0015, 0.0015, 0.0015, 0.0015, 0.0014, 0.0014, 0.0014, 0.0014, 0.0014, 0.0014, 0.0014, 0.0014, 0.0013, 0.0013, 0.0013, 0.0013, 0.0013, 0.0013, 0.0013, 0.0012, 0.0012, 0.0012, 0.0012, 0.0012, 0.0012, 0.0012, 0.0012, 0.0012, 0.0011, 0.0011, 0.0011, 0.0011, 0.0011, 0.0011, 0.0011, 0.0011, 0.001, 0.001, 0.001, 0.001, 0.001, 0.001, 0.001, 0.001, 0.001, 0.001, 0.001, 0.001, 0.001, 0.001, 0.0009, 0.0009, 0.0009, 0.0009, 0.0009, 0.0009, 0.0009, 0.0008, 0.0008, 0.0008, 0.0008, 0.0008, 0.0008, 0.0008, 0.0008, 0.0008, 0.0008, 0.0007, 0.0007, 0.0007, 0.0007, 0.0007, 0.0007, 0.0007, 0.0007, 0.0007, 0.0007, 0.0007, 0.0006, 0.0006, 0.0006, 0.0006, 0.0006, 0.0006, 0.0006, 0.0006, 0.0006, 0.0006, 0.0006, 0.0005, 0.0005, 0.0005, 0.0005, 0.0005, 0.0004, 0.0004, 0.0004, 0.0004, 0.0004, 0.0004, 0.0003, 0.0003, 0.0003, 0.0003, 0.0003, 0.0003, 0.0003, 0.0003, 0.0003, 0.0003, 0.0003, 0.0003, 0.0003, 0.0003, 0.0003, 0.0003, 0.0003, 0.0003, 0.0003, 0.0003, 0.0002, 0.0002, 0.0002, 0.0002, 0.0002, 0.0002, 0.0002, 0.0002, 0.0002, 0.0002, 0.0002, 0.0002, 0.0002, 0.0002, 0.0002, 0.0002, 0.0002, 1e-04, 1e-04, 1e-04, 1e-04, 1e-04, 1e-04, 1e-04, 1e-04, 1e-04, 1e-04, 1e-04, 1e-04, 1e-04, 1e-04, 1e-04, 0.0, 0.0, 0.0, 0.0, 0.0, 0.0, 0.0, 0.0, 0.0]","[0.0091, 0.0082, 0.0079, 0.0065, 0.0063, 0.0063, 0.006, 0.0059, 0.0059, 0.0058, 0.0057, 0.0057, 0.0053, 0.0053, 0.0051, 0.005, 0.0046, 0.0045, 0.0043, 0.0043, 0.0042, 0.0042, 0.0042, 0.0041, 0.0041, 0.004, 0.004, 0.0038, 0.0038, 0.0036, 0.0036, 0.0036, 0.0035, 0.0035, 0.0035, 0.0034, 0.0034, 0.0034, 0.0033, 0.0033, 0.0033, 0.0032, 0.0032, 0.0032, 0.0032, 0.0031, 0.0031, 0.003, 0.003, 0.0029, 0.0029, 0.0028, 0.0028, 0.0027, 0.0027, 0.0026, 0.0026, 0.0026, 0.0026, 0.0025, 0.0025, 0.0025, 0.0025, 0.0024, 0.0024, 0.0024, 0.0023, 0.0022, 0.0021, 0.002, 0.002, 0.002, 0.002, 0.002, 0.0019, 0.0019, 0.0019, 0.0019, 0.0018, 0.0018, 0.0018, 0.0018, 0.0017, 0.0017, 0.0016, 0.0016, 0.0016, 0.0016, 0.0016, 0.0015, 0.0015, 0.0015, 0.0015, 0.0015, 0.0015, 0.0015, 0.0014, 0.0014, 0.0014, 0.0014, 0.0014, 0.0013, 0.0013, 0.0013, 0.0013, 0.0013, 0.0013, 0.0013, 0.0013, 0.0012, 0.0012, 0.0012, 0.0012, 0.0012, 0.0011, 0.0011, 0.0011, 0.0011, 0.0011, 0.0011, 0.0011, 0.0011, 0.0011, 0.0011, 0.001, 0.001, 0.001, 0.001, 0.001, 0.0009, 0.0009, 0.0009, 0.0009, 0.0008, 0.0008, 0.0008, 0.0008, 0.0008, 0.0008, 0.0008, 0.0007, 0.0007, 0.0007, 0.0007, 0.0007, 0.0007, 0.0007, 0.0007, 0.0007, 0.0007, 0.0007, 0.0006, 0.0006, 0.0006, 0.0006, 0.0006, 0.0005, 0.0005, 0.0005, 0.0005, 0.0005, 0.0005, 0.0005, 0.0004, 0.0004, 0.0004, 0.0004, 0.0004, 0.0004, 0.0003, 0.0003, 0.0003, 0.0003, 0.0003, 0.0003, 0.0002, 0.0002, 0.0002, 0.0002, 0.0002, 0.0002, 0.0002, 0.0002, 1e-04, 1e-04, 1e-04, 1e-04, 1e-04, 1e-04, 1e-04, 1e-04, 1e-04, 0.0, 0.0, 0.0]"
26,CD40LG_ligand_receptor_target_gene_GP,1,1,34,34,['CD40LG'],"['F3', 'TNFAIP3', 'CXCL1', 'CXCR4', 'CXCL2', 'HMGB2', 'CD40LG', 'CXCL10', 'CD83', 'CFTR', 'SOCS3', 'SELL', 'PCLAF', 'HES1', 'ACTA2', 'TNFSF13B', 'IL1B', 'ETS1', 'SERPINE1', 'CDH1', 'CCL5', 'VCAN', 'EGFR', 'MMP3', 'TNC', 'IL7R', 'KIT', 'CDK6', 'MMP1', 'ID2', 'CCL20', 'CCR7', 'IFNG', 'THBS1']",[0.0074],"[0.1362, 0.0952, 0.0644, 0.0543, 0.0521, 0.051, 0.0488, 0.0488, 0.0458, 0.0448, 0.0406, 0.0375, 0.036, 0.0336, 0.033, 0.0227, 0.017, 0.0162, 0.0139, 0.013, 0.0113, 0.0101, 0.0094, 0.0086, 0.0085, 0.008, 0.0071, 0.0065, 0.0055, 0.0052, 0.003, 0.0022, 0.0012, 0.001]"
68,LCN2_ligand_receptor_target_gene_GP,1,1,32,32,['LCN2'],"['CD83', 'CXCL2', 'TNFAIP3', 'ETS1', 'F3', 'STMN1', 'CXCL1', 'KRT8', 'CCL20', 'CDK6', 'EGFR', 'CXCR4', 'CXCL3', 'IL4I1', 'BRCA2', 'IFNG', 'LEF1', 'MMP1', 'SOCS3', 'RUNX1', 'SERPINE1', 'CDH1', 'BMP4', 'HES1', 'LCT', 'VCAN', 'TNC', 'ID2', 'CCL5', 'THBS1', 'IL1B', 'CCR7']",[0.0617],"[0.1369, 0.0929, 0.0852, 0.075, 0.0695, 0.0623, 0.0554, 0.0441, 0.0387, 0.0291, 0.0268, 0.0266, 0.0228, 0.0216, 0.0197, 0.0181, 0.0159, 0.0156, 0.0148, 0.0146, 0.0088, 0.0067, 0.0054, 0.005, 0.0049, 0.0047, 0.0041, 0.004, 0.0032, 0.0031, 0.0025, 0.0003]"
69,LEFTY1_ligand_receptor_target_gene_GP,1,1,28,28,['LEFTY1'],"['GPX2', 'SOCS3', 'ETS1', 'CDKN2B', 'ZEB2', 'ACTA2', 'COL1A1', 'EGFR', 'CLU', 'STMN1', 'S100P', 'ID2', 'BMP4', 'CEACAM1', 'TNC', 'SERPINE1', 'MMP1', 'MAF', 'THBS1', 'CTNNB1', 'LEF1', 'HES1', 'RUNX1', 'IFNG', 'CXCR4', 'IL1B', 'CDK6', 'CDH1']",[0.0937],"[0.0783, 0.0746, 0.074, 0.0708, 0.0693, 0.0686, 0.0537, 0.0513, 0.0464, 0.0402, 0.0355, 0.0324, 0.0288, 0.024, 0.0216, 0.0208, 0.0206, 0.0162, 0.0156, 0.0152, 0.0132, 0.0124, 0.0087, 0.0048, 0.0031, 0.0031, 0.0028, 0.0003]"
73,MMP1_ligand_receptor_target_gene_GP,1,1,27,27,['MMP1'],"['CDK6', 'HES1', 'TYMS', 'ID2', 'MMP3', 'SERPINE1', 'RRM2', 'LEF1', 'SOX9', 'CCL20', 'IFNG', 'ANXA1', 'CLU', 'MMP1', 'THBS1', 'SOCS3', 'EGFR', 'CD24', 'TNFAIP3', 'TOP2A', 'CCL5', 'CXCR4', 'VCAN', 'ETV1', 'IL1B', 'TNC', 'CDH1']",[0.0175],"[0.1399, 0.1173, 0.1086, 0.1052, 0.0495, 0.0486, 0.0475, 0.0437, 0.0434, 0.0328, 0.0282, 0.0268, 0.0265, 0.0255, 0.0237, 0.0212, 0.0173, 0.0146, 0.0134, 0.0123, 0.0087, 0.0075, 0.0067, 0.0058, 0.0041, 0.0028, 0.0006]"
75,NPNT_ligand_receptor_target_gene_GP,1,1,27,27,['NPNT'],"['GREM1', 'MKI67', 'MMP1', 'CCL20', 'CD83', 'ID2', 'SOCS3', 'IL1B', 'IL7R', 'INHBA', 'CXCR4', 'MMP3', 'TFF1', 'ETV1', 'HES1', 'CDK6', 'CCL5', 'VCAN', 'CALB2', 'COL1A1', 'EGFR', 'TNC', 'CDH1', 'KRT8', 'MAF', 'THBS1', 'SERPINE1']",[0.2587],"[0.2549, 0.1468, 0.0571, 0.033, 0.0265, 0.0221, 0.0183, 0.0179, 0.017, 0.0159, 0.0156, 0.0124, 0.0116, 0.0104, 0.0104, 0.0102, 0.0071, 0.0069, 0.0068, 0.0063, 0.0063, 0.0062, 0.0062, 0.006, 0.0054, 0.0038, 0.0006]"
79,PAPLN_ligand_receptor_target_gene_GP,1,1,23,23,['PAPLN'],"['CD14', 'SELENBP1', 'S100P', 'RAP1GAP', 'TFF1', 'KRT8', 'SOX9', 'NOTCH3', 'CA2', 'SERPINE1', 'MMP1', 'RUNX1', 'ID2', 'CCL5', 'PBK', 'HES1', 'TNC', 'CDK6', 'GPRC5C', 'IFNG', 'THBS1', 'CXCR4', 'CDH1']",[0.081],"[0.2789, 0.0692, 0.0668, 0.058, 0.0546, 0.0539, 0.0438, 0.0411, 0.0403, 0.0368, 0.0364, 0.0252, 0.0233, 0.0167, 0.0159, 0.0156, 0.0122, 0.0073, 0.0067, 0.0064, 0.0061, 0.003, 0.0008]"
83,ROBO1_ligand_receptor_target_gene_GP,1,1,30,30,['ROBO1'],"['ACTA2', 'RRM2', 'ETS1', 'CTNNB1', 'TYMS', 'CDK6', 'CXCL1', 'STMN1', 'PBK', 'IL7R', 'SERPINE1', 'SOCS3', 'HES1', 'CCL5', 'THBS1', 'TNFAIP3', 'IFNG', 'RUNX1', 'ID2', 'VCAN', 'BMP4', 'TNC', 'TOP2A', 'EGFR', 'MMP1', 'ETV1', 'CDH1', 'LEF1', 'CXCR4', 'IL1B']",[0.024],"[0.0785, 0.0734, 0.0663, 0.0631, 0.0612, 0.0558, 0.055, 0.052, 0.051, 0.0469, 0.0395, 0.0363, 0.0355, 0.031, 0.027, 0.0265, 0.0224, 0.0213, 0.0204, 0.0181, 0.0177, 0.0168, 0.0148, 0.0138, 0.0119, 0.0109, 0.0039, 0.0038, 0.0013, 0.0002]"
95,TIGIT_ligand_receptor_target_gene_GP,1,1,30,30,['TIGIT'],"['TNFAIP3', 'ID2', 'TYMS', 'RUNX1', 'EGFR', 'BMP4', 'IL1B', 'NUSAP1', 'CDK6', 'SOCS3', 'HMGB2', 'MMP1', 'LEF1', 'BRCA2', 'STMN1', 'TK1', 'RRM2', 'HES1', 'TOP2A', 'UBE2C', 'CDCA7', 'TNC', 'IFNG', 'PBK', 'CXCR4', 'CDH1', 'SERPINE1', 'CCL5', 'THBS1', 'VCAN']",[0.009],"[0.0912, 0.0809, 0.0692, 0.0691, 0.0662, 0.06, 0.0525, 0.0506, 0.0486, 0.0403, 0.034, 0.0328, 0.0296, 0.0283, 0.0276, 0.0271, 0.0232, 0.023, 0.023, 0.0182, 0.0147, 0.0147, 0.0142, 0.0129, 0.0114, 0.0079, 0.0078, 0.0044, 0.0042, 0.0034]"
102,UCN3_ligand_receptor_target_gene_GP,1,1,26,26,['UCN3'],"['IL7R', 'CXCL10', 'BMP4', 'SOCS3', 'CXCL1', 'RUNX1', 'CXCR4', 'SERPINE1', 'TNFAIP3', 'STMN1', 'TNC', 'EGFR', 'HES1', 'THBS1', 'CDK6', 'CXCL2', 'ID2', 'IL1B', 'MMP1', 'CTSB', 'CCL5', 'MMP3', 'AREG', 'VWF', 'IFNG', 'CDH1']",[0.0058],"[0.1311, 0.114, 0.0991, 0.0978, 0.0638, 0.0627, 0.059, 0.0495, 0.0478, 0.0385, 0.0375, 0.0342, 0.0202, 0.0186, 0.0177, 0.015, 0.0149, 0.013, 0.0123, 0.0117, 0.0115, 0.0078, 0.0054, 0.0049, 0.004, 0.0022]"
5,Vitamin A_metabolite_enzyme_sensor_GP,1,1,1,1,['ADH1C'],['RBP4'],[0.8869],[0.1131]
